中文表名,英文表名,schema,业务域分类,来源系统候选,是否最上游源表,目录分类,数仓层线索,负责人,行数,更新时间,产出任务,被路径任务读取,路径示例
ODS_抖音综合表,ODS_DOUYINZONGHEBIAO,cubeappdata,抖音主题,库表迁移,是,源表,不规范命名,包彦,1428.0,2026-07-07 08:58:39,"ODS_抖音综合表【迁移】(mJ44GUeDiF, 库表迁移)",,Ghu44PRchu -> PmOkCMF2rf -> ayK47N3cOU -> k5gRwv2JLE -> 6p4aMPhpIB -> dbcHW02Vp0 -> mJ44GUeDiF
ODS_抖音乘方推广花费表_填报,ODS_douyinchengfangtuiguanghuafei,cubeappdata,抖音主题,库表迁移,是,源表,不规范命名,包彦,64.0,2026-04-22 11:31:24,"ODS_抖音乘方推广花费表【迁移】(OgqA3SQ6bT, 库表迁移)",,Ghu44PRchu -> PmOkCMF2rf -> ayK47N3cOU -> k5gRwv2JLE -> 5Mg7F1AfFT -> FpM1x7YM9G -> nhgdWWKApC -> W5WDKhMdo4 -> sD6L0X74Ag -> srspReyO40 -> 3HaOI1YTSj -> sX484NOPO3
ODS_抖音乘方计划id_链接id_映射_RPA,ODS_jihuaidduiyingshangpinid,dev,抖音主题,影刀/RPA,是,源表,不规范命名,包彦,0.0,2026-05-29 17:22:42,"ODS_抖音乘方计划id对应链接id表【迁移】(1beUE64XNH, 库表迁移)",,Ghu44PRchu -> PmOkCMF2rf -> ayK47N3cOU -> k5gRwv2JLE -> 5Mg7F1AfFT -> FpM1x7YM9G -> nhgdWWKApC -> W5WDKhMdo4 -> sD6L0X74Ag -> srspReyO40 -> 3HaOI1YTSj -> sX484NOPO3
ODS_抖音_部门每日人力成本_填报,UD_4971200913022541_BN8N5_dyrlcbtbxs1,cubeappdata,抖音主题,钉盘/Excel填报,是,源表,不规范命名,包彦,3.0,2026-07-18 00:15:05,"抖音人力成本填报.xlsx【钉盘接入】(9OsVTMiWWO, 钉盘接入)",,Ghu44PRchu -> PmOkCMF2rf -> ayK47N3cOU -> k5gRwv2JLE -> 5Mg7F1AfFT -> FpM1x7YM9G -> RggJA8Sv0l -> GKM7p7i4nh -> yZq4ZcYKSY -> lI6tx3AsC7 -> I3wRsmNT14 -> MUuQqC8Ik3
ODS_抖音_佑美运动户外_直播加热推广_填报,UD_5179579576634064_FTRED_dyzbjrtgymyd,dev,抖音主题,钉盘/Excel填报,是,源表,不规范命名,包彦,0.0,2026-05-29 16:48:19,"抖音直播加热推广-佑美运动户外【EXCEL】(lWKYjw3RvZ, excel更新)",,Ghu44PRchu -> PmOkCMF2rf -> ayK47N3cOU -> k5gRwv2JLE -> 5Mg7F1AfFT -> FpM1x7YM9G -> nhgdWWKApC -> W5WDKhMdo4 -> sD6L0X74Ag -> srspReyO40 -> 3HaOI1YTSj -> 0C42m71eLb
ODS_抖音综合表_填报,UD_5179579576634064_XDLII_dyzhbxs1,cubeappdata,抖音主题,钉盘/Excel填报,是,源表,不规范命名,李梦丽,1745.0,2026-07-18 11:00:07,"抖音综合表.xlsx【钉盘接入】(LkqMfbyv8e, 钉盘接入)",,Ghu44PRchu -> PmOkCMF2rf -> ayK47N3cOU -> k5gRwv2JLE -> 6p4aMPhpIB -> dbcHW02Vp0 -> nuSN8563RV -> LkqMfbyv8e
ODS_抖音_推广消耗流量表_RPA,doutuiguangliuliangshuju,dev,抖音主题,影刀/RPA,是,源表,不规范命名,包彦,0.0,2026-05-29 15:13:23,"抖音-推广消耗、流量表【迁移】(jowXVWAEml, 库表迁移)",,Ghu44PRchu -> PmOkCMF2rf -> ayK47N3cOU -> k5gRwv2JLE -> 5Mg7F1AfFT -> FpM1x7YM9G -> nhgdWWKApC -> W5WDKhMdo4 -> sD6L0X74Ag -> srspReyO40 -> wHcpHrnPGx -> Xj4AfORj0h
ODS_抖音_运费险账单数据_RPA,douyinyunfeixian,dev,抖音主题,影刀/RPA,是,源表,不规范命名,包彦,0.0,2026-06-25 10:27:07,"抖音-运费险账单数据【迁移】(sXAhYSBWoO, 库表迁移)",,Ghu44PRchu -> PmOkCMF2rf -> ayK47N3cOU -> k5gRwv2JLE -> 5Mg7F1AfFT -> FpM1x7YM9G -> RggJA8Sv0l -> GKM7p7i4nh -> yZq4ZcYKSY -> lI6tx3AsC7 -> I3wRsmNT14 -> MUuQqC8Ik3
运费账单明细（抖音财务对账后）,freight_bill_detail,bi_datalake,抖音主题,库表迁移,是,源表,不规范命名,蒋秀坤,1809221.0,2026-07-18 02:03:37,"运费账单明细【迁移】(l9uogrfUWR, 库表迁移)",,Ghu44PRchu -> PmOkCMF2rf -> ayK47N3cOU -> k5gRwv2JLE -> 5Mg7F1AfFT -> FpM1x7YM9G -> RggJA8Sv0l -> GKM7p7i4nh -> yZq4ZcYKSY -> lI6tx3AsC7 -> I3wRsmNT14 -> MUuQqC8Ik3
运费账单问题件及冲回扣减明细（抖音财务对账后）,freight_bill_exception,cubeappdata,抖音主题,库表迁移,是,源表,不规范命名,蒋秀坤,,,"运费账单问题件及冲回扣减明细【迁移】(Uxqy2oelFp, 库表迁移)",,Ghu44PRchu -> PmOkCMF2rf -> ayK47N3cOU -> k5gRwv2JLE -> 5Mg7F1AfFT -> FpM1x7YM9G -> RggJA8Sv0l -> GKM7p7i4nh -> yZq4ZcYKSY -> lI6tx3AsC7 -> I3wRsmNT14 -> MUuQqC8Ik3
货品型号始发地,huopinxinghaoshifadi,dev,公共维表/成本/组织,库表迁移,是,源表,不规范命名,包彦,0.0,2026-04-15 13:27:46,"货品型号始发地【迁移】(wB80eUhvdf, 库表迁移)",,Ghu44PRchu -> PmOkCMF2rf -> ayK47N3cOU -> k5gRwv2JLE -> 5Mg7F1AfFT -> FpM1x7YM9G -> RggJA8Sv0l -> GKM7p7i4nh -> yZq4ZcYKSY -> lI6tx3AsC7 -> I3wRsmNT14 -> MUuQqC8Ik3
ODS_售后列表信息表(抖店API),ods_api_dd_after_sale_list_info_du,dev,抖音主题,抖店/API,是,源表,ods,包彦,0.0,2025-12-02 02:23:50,"ODS_售后列表信息表(抖店API)【连接器】(teQTjNS2jo, 连接器接入)",,Ghu44PRchu -> PmOkCMF2rf -> ayK47N3cOU -> k5gRwv2JLE -> 5Mg7F1AfFT -> FpM1x7YM9G -> RggJA8Sv0l -> GKM7p7i4nh -> yZq4ZcYKSY -> lI6tx3AsC7 -> I3wRsmNT14 -> MUuQqC8Ik3
ODS_查询店铺联盟订单信息表(抖店API),ods_api_dd_buyin_query_shop_alliance_order_info_du,cubeappdata,抖音主题,抖店/API,是,源表,ods,包彦,339788.0,2026-07-18 02:24:12,"ODS_查询店铺联盟订单信息表(抖店API)【连接器】(QqqmUEVmQ7, 连接器接入)",,Ghu44PRchu -> PmOkCMF2rf -> ayK47N3cOU -> k5gRwv2JLE -> 5Mg7F1AfFT -> FpM1x7YM9G -> RggJA8Sv0l -> GKM7p7i4nh -> yZq4ZcYKSY -> lI6tx3AsC7 -> I3wRsmNT14 -> MUuQqC8Ik3
ODS_商品详情信息表(抖店API),ods_api_dd_product_detail_info_du,dev,抖音主题,抖店/API,是,源表,ods,包彦,0.0,2025-12-02 02:10:59,"ODS_商品详情信息表(抖店API)【连接器】(7iATpCqsy1, 连接器接入)",,Ghu44PRchu -> PmOkCMF2rf -> ayK47N3cOU -> k5gRwv2JLE -> 5Mg7F1AfFT -> FpM1x7YM9G -> RggJA8Sv0l -> 4sMhrTjpMW -> yhAjbzPaTp -> CTuKHcQM5w -> PmgpigAQRE -> qhv7swmY4l
ODS_销售订单列表信息表(抖店API),ods_api_dd_sale_order_list_info_du,dev,抖音主题,抖店/API,是,源表,ods,包彦,0.0,2025-12-02 02:02:55,"ODS_销售订单列表信息表(抖店API)【连接器】(mnMTqusbga, 连接器接入)",,Ghu44PRchu -> PmOkCMF2rf -> ayK47N3cOU -> k5gRwv2JLE -> 5Mg7F1AfFT -> FpM1x7YM9G -> nhgdWWKApC -> 994SOzLTQV -> 5aMpRAhBmy -> M8qi0iwCWh -> 6M8cE9aaiA -> jK2dakuj7Q
ODS_商家结算账单信息表(抖店API),ods_api_dd_settle_bill_detail_info_du,cubeappdata,抖音主题,抖店/API,是,源表,ods,包彦,537198.0,2026-07-18 10:04:33,"ODS_商家结算账单信息表(抖店API)【连接器】(nn44PwEKsM, 连接器接入)",,Ghu44PRchu -> PmOkCMF2rf -> ayK47N3cOU -> k5gRwv2JLE -> 5Mg7F1AfFT -> FpM1x7YM9G -> RggJA8Sv0l -> GKM7p7i4nh -> yZq4ZcYKSY -> lI6tx3AsC7 -> I3wRsmNT14 -> MUuQqC8Ik3
ODS_资金流水信息表(抖店API),ods_api_dd_shop_account_item_info_du,dev,抖音主题,抖店/API,是,源表,ods,包彦,0.0,2025-12-02 03:15:24,"ODS_资金流水信息表(抖店API)【连接器】(wCq4hwM63h, 连接器接入)",,Ghu44PRchu -> PmOkCMF2rf -> ayK47N3cOU -> k5gRwv2JLE -> 5Mg7F1AfFT -> FpM1x7YM9G -> RggJA8Sv0l -> GKM7p7i4nh -> yZq4ZcYKSY -> lI6tx3AsC7 -> I3wRsmNT14 -> MUuQqC8Ik3
ODS_部门信息表(钉钉API),ods_api_dingtalk_dept_info_du,cubeappdata,公共维表/成本/组织,钉钉/API,是,源表,ods,管理员,30142.0,2026-07-18 02:14:02,"ODS_部门信息表(钉钉API)【连接器】(LwwtcWiARk, 连接器接入)",,Ghu44PRchu -> PmOkCMF2rf -> ayK47N3cOU -> k5gRwv2JLE -> 6p4aMPhpIB -> dbcHW02Vp0 -> nuSN8563RV -> eAWHKCeJXl -> oi6J9yuQH8 -> t4O2bq0buA -> TRAl2GEgxB -> LwwtcWiARk
ODS_部门信息表(钉钉API),ods_api_dingtalk_dept_info_f,cubeappdata,公共维表/成本/组织,钉钉/API,是,源表,ods,管理员,169.0,2026-07-18 02:14:56,"ods_api_dingtalk_dept_info_f【EtlDevelop任务】(TRAl2GEgxB, etl开发任务)",ods_api_dingtalk_dept_info_f【EtlDevelop任务】(TRAl2GEgxB),Ghu44PRchu -> PmOkCMF2rf -> ayK47N3cOU -> k5gRwv2JLE -> 6p4aMPhpIB -> dbcHW02Vp0 -> nuSN8563RV -> eAWHKCeJXl -> oi6J9yuQH8 -> t4O2bq0buA -> TRAl2GEgxB
ODS_用户信息表(钉钉API),ods_api_dingtalk_user_info_du,cubeappdata,公共维表/成本/组织,钉钉/API,是,源表,ods,管理员,93338.0,2026-07-18 02:32:08,"ODS_用户信息表(钉钉API)【连接器】(qReKNAgWLw, 连接器接入)",,Ghu44PRchu -> PmOkCMF2rf -> ayK47N3cOU -> k5gRwv2JLE -> 6p4aMPhpIB -> dbcHW02Vp0 -> nuSN8563RV -> eAWHKCeJXl -> oi6J9yuQH8 -> t4O2bq0buA -> 1Semn2dteT -> NWgJ6lDXr9
ODS_用户信息表(钉钉API),ods_api_dingtalk_user_info_f,dev,公共维表/成本/组织,钉钉/API,是,源表,ods,管理员,0.0,2024-08-16 10:57:21,"ods_api_dingtalk_user_info_f【EtlDevelop任务】(NWgJ6lDXr9, etl开发任务)",ods_api_dingtalk_user_info_f【EtlDevelop任务】(NWgJ6lDXr9),Ghu44PRchu -> PmOkCMF2rf -> ayK47N3cOU -> k5gRwv2JLE -> 6p4aMPhpIB -> dbcHW02Vp0 -> nuSN8563RV -> eAWHKCeJXl -> oi6J9yuQH8 -> t4O2bq0buA -> 1Semn2dteT -> NWgJ6lDXr9
ODS_抖音账号信息表(巨量千川API),ods_api_jlqc_douyin_account_info_du,dev,抖音主题,巨量千川/投放,是,源表,ods,包彦,0.0,2026-05-28 18:15:16,"ODS_抖音账号信息表(巨量千川API)【连接器】(ahuGb3XnjE, 连接器接入)",,Ghu44PRchu -> PmOkCMF2rf -> ayK47N3cOU -> k5gRwv2JLE -> 5Mg7F1AfFT -> FpM1x7YM9G -> nhgdWWKApC -> qjk10d4W7h -> bI86bM7BvJ -> qBO2jNZBhK -> K1gH9SHZT5 -> 8iqyOpnfDY
ODS_直播间列表信息表(巨量千川API),ods_api_jlqc_live_list_info_du,dev,抖音主题,巨量千川/投放,是,源表,ods,包彦,0.0,2026-05-28 18:16:59,"ODS_直播间列表信息表(巨量千川API)【连接器】(2JAh8JnGKf, 连接器接入)",,Ghu44PRchu -> PmOkCMF2rf -> ayK47N3cOU -> k5gRwv2JLE -> 5Mg7F1AfFT -> FpM1x7YM9G -> nhgdWWKApC -> qjk10d4W7h -> bI86bM7BvJ -> qBO2jNZBhK -> K1gH9SHZT5 -> 8iqyOpnfDY
ODS_全域推广乘方直播间抖音号数据信息表(巨量千川API),ods_api_jlqc_uni_overall_roi_live_aweme_info_du,cubeappdata,抖音主题,巨量千川/投放,是,源表,ods,包彦,28.0,2026-07-17 05:02:52,"ODS_全域推广乘方直播间抖音号数据信息表(巨量千川API)【连接器】(S7sbIPZs12, 连接器接入)",,Ghu44PRchu -> PmOkCMF2rf -> ayK47N3cOU -> k5gRwv2JLE -> 5Mg7F1AfFT -> FpM1x7YM9G -> nhgdWWKApC -> qjk10d4W7h -> bI86bM7BvJ -> qBO2jNZBhK -> K1gH9SHZT5 -> S7sbIPZs12
ODS_全域推广乘方商品商品数据信息表(巨量千川API),ods_api_jlqc_uni_overall_roi_product_product_info_du,cubeappdata,抖音主题,巨量千川/投放,是,源表,ods,包彦,353.0,2026-07-06 05:00:48,"ODS_全域推广乘方商品商品数据信息表(巨量千川API)【连接器】(tVwHPS1VgT, 连接器接入)",,Ghu44PRchu -> PmOkCMF2rf -> ayK47N3cOU -> k5gRwv2JLE -> 5Mg7F1AfFT -> FpM1x7YM9G -> nhgdWWKApC -> qjk10d4W7h -> bI86bM7BvJ -> qBO2jNZBhK -> K1gH9SHZT5 -> tVwHPS1VgT
ODS_全域推广报告信息表(巨量千川API)_旧,ods_api_jlqc_uni_promition_report_info_du_old,cubeappdata,抖音主题,巨量千川/投放,是,源表,ods,包彦,16588.0,2026-07-18 10:02:03,"ODS_全域推广报告信息表(巨量千川API)【连接器】(MegrZkwZoP, 连接器接入)",,Ghu44PRchu -> PmOkCMF2rf -> ayK47N3cOU -> k5gRwv2JLE -> 5Mg7F1AfFT -> FpM1x7YM9G -> nhgdWWKApC -> W5WDKhMdo4 -> sD6L0X74Ag -> srspReyO40 -> 3HaOI1YTSj -> 0C42m71eLb
ODS_全域推广直播间维度信息表(巨量千川API),ods_api_jlqc_uni_promition_root_report_info_du,dev,抖音主题,巨量千川/投放,是,源表,ods,包彦,0.0,2026-05-28 17:30:03,"ODS_全域推广直播间维度信息表(巨量千川API)【连接器】(TJgtI2jvcD, 连接器接入)",,Ghu44PRchu -> PmOkCMF2rf -> ayK47N3cOU -> k5gRwv2JLE -> 5Mg7F1AfFT -> FpM1x7YM9G -> nhgdWWKApC -> qjk10d4W7h -> bI86bM7BvJ -> qBO2jNZBhK -> K1gH9SHZT5 -> TJgtI2jvcD
ODS_全域推广商品全域商品数据信息表(巨量千川API),ods_api_jlqc_uni_promotion_product_product_info_du,cubeappdata,抖音主题,巨量千川/投放,是,源表,ods,包彦,4249.0,2026-07-18 02:23:47,"ODS_全域推广商品全域商品数据信息表(巨量千川API)【连接器】(Jxeq32pjP3, 连接器接入)",,Ghu44PRchu -> PmOkCMF2rf -> ayK47N3cOU -> k5gRwv2JLE -> 5Mg7F1AfFT -> FpM1x7YM9G -> nhgdWWKApC -> qjk10d4W7h -> bI86bM7BvJ -> qBO2jNZBhK -> K1gH9SHZT5 -> Jxeq32pjP3
ODS_退货退款归档信息表(聚水潭标准API),ods_api_jstbz_archive_refund_info_du,cubeappdata,公共维表/成本/组织,聚水潭/ERP,是,源表,ods,管理员,957472.0,2026-01-14 22:50:24,"ODS_退货退款归档信息表(聚水潭标准API)【连接器】(iEgVkvwnz0, 连接器接入)；ODS_退货退款归档信息表(聚水潭标准API)【连接器】time(QqwLXdfOdW, 连接器接入)",,Ghu44PRchu -> PmOkCMF2rf -> ayK47N3cOU -> k5gRwv2JLE -> 5Mg7F1AfFT -> FpM1x7YM9G -> RggJA8Sv0l -> GKM7p7i4nh -> yZq4ZcYKSY -> lI6tx3AsC7 -> I3wRsmNT14 -> MUuQqC8Ik3
ODS_销售订单归档信息表(聚水潭标准API),ods_api_jstbz_archive_sale_order_info_du,cubeappdata,公共维表/成本/组织,聚水潭/ERP,是,源表,ods,管理员,6565279.0,2026-01-14 22:55:55,"ODS_销售订单归档信息表(聚水潭标准API)【连接器】(83awJZVS9B, 连接器接入)；ODS_销售订单归档信息表(聚水潭标准API)【连接器】(wc82tqkND8, 连接器接入)",,Ghu44PRchu -> PmOkCMF2rf -> ayK47N3cOU -> k5gRwv2JLE -> 5Mg7F1AfFT -> FpM1x7YM9G -> RggJA8Sv0l -> GKM7p7i4nh -> yZq4ZcYKSY -> lI6tx3AsC7 -> I3wRsmNT14 -> MUuQqC8Ik3
ODS_商品历史成本价信息表(聚水潭标准API),ods_api_jstbz_product_history_cost_price_info_du,cubeappdata,公共维表/成本/组织,聚水潭/ERP,是,源表,ods,管理员,47933.0,2026-07-18 02:24:33,"ODS_商品历史成本价信息表(聚水潭标准API)【连接器】(CwKoF1SXBd, 连接器接入)",,Ghu44PRchu -> PmOkCMF2rf -> ayK47N3cOU -> k5gRwv2JLE -> 5Mg7F1AfFT -> FpM1x7YM9G -> RggJA8Sv0l -> GKM7p7i4nh -> yZq4ZcYKSY -> lI6tx3AsC7 -> I3wRsmNT14 -> MUuQqC8Ik3
ODS_商品历史成本价信息表(聚水潭标准API),ods_api_jstbz_product_history_cost_price_info_f,cubeappdata,公共维表/成本/组织,聚水潭/ERP,是,源表,ods,管理员,245.0,2026-07-18 02:24:54,"ods_api_jstbz_product_history_cost_price_info_f【EtlDevelop任务】(0ccP8y2dQJ, etl开发任务)",ods_api_jstbz_product_history_cost_price_info_f【EtlDevelop任务】(0ccP8y2dQJ),Ghu44PRchu -> PmOkCMF2rf -> ayK47N3cOU -> k5gRwv2JLE -> 5Mg7F1AfFT -> FpM1x7YM9G -> RggJA8Sv0l -> GKM7p7i4nh -> yZq4ZcYKSY -> lI6tx3AsC7 -> I3wRsmNT14 -> MUuQqC8Ik3
ODS_商品SKU信息表(聚水潭标准API),ods_api_jstbz_product_sku_info_du,cubeappdata,公共维表/成本/组织,聚水潭/ERP,是,源表,ods,管理员,589251.0,2026-07-18 02:30:17,"ODS_商品SKU信息表(聚水潭标准API)【连接器】(XKQ97xGdsh, 连接器接入)",,Ghu44PRchu -> PmOkCMF2rf -> ayK47N3cOU -> k5gRwv2JLE -> 5Mg7F1AfFT -> FpM1x7YM9G -> nhgdWWKApC -> 994SOzLTQV -> 5aMpRAhBmy -> M8qi0iwCWh -> pmMzApalZx -> N4uyZn2Brb
ODS_商品SKU信息表(聚水潭标准API),ods_api_jstbz_product_sku_info_f,cubeappdata,公共维表/成本/组织,聚水潭/ERP,是,源表,ods,管理员,49615.0,2026-07-18 02:30:23,"ods_api_jstbz_product_sku_info_f【EtlDevelop任务】(4v6XI21730, etl开发任务)",ods_api_jstbz_product_sku_info_f【EtlDevelop任务】(4v6XI21730),Ghu44PRchu -> PmOkCMF2rf -> ayK47N3cOU -> k5gRwv2JLE -> 5Mg7F1AfFT -> FpM1x7YM9G -> nhgdWWKApC -> 994SOzLTQV -> 5aMpRAhBmy -> M8qi0iwCWh -> pmMzApalZx -> N4uyZn2Brb
ODS_退货退款信息表(聚水潭标准API),ods_api_jstbz_refund_info_du,cubeappdata,公共维表/成本/组织,聚水潭/ERP,是,源表,ods,管理员,2815637.0,2026-07-18 02:30:12,"ODS_退货退款信息表(聚水潭标准API)【连接器】(kXaMH3rQLM, 连接器接入)；ODS_退货退款信息表(聚水潭标准API)【连接器】(woK8uNOpaP, 连接器接入)",,Ghu44PRchu -> PmOkCMF2rf -> ayK47N3cOU -> k5gRwv2JLE -> 5Mg7F1AfFT -> FpM1x7YM9G -> RggJA8Sv0l -> GKM7p7i4nh -> yZq4ZcYKSY -> lI6tx3AsC7 -> I3wRsmNT14 -> MUuQqC8Ik3
ODS_组合商品信息表(聚水潭标准API),ods_api_jstbz_suite_product_info_du,cubeappdata,公共维表/成本/组织,聚水潭/ERP,是,源表,ods,管理员,5593.0,2026-07-18 01:00:16,"ODS_组合商品信息表(聚水潭标准API)【连接器】(mZ88vVf1yI, 连接器接入)",,Ghu44PRchu -> PmOkCMF2rf -> ayK47N3cOU -> k5gRwv2JLE -> 5Mg7F1AfFT -> FpM1x7YM9G -> nhgdWWKApC -> 994SOzLTQV -> 5aMpRAhBmy -> M8qi0iwCWh -> pmMzApalZx -> N4uyZn2Brb
ODS_组合商品信息表(聚水潭标准API),ods_api_jstbz_suite_product_info_f,dev,公共维表/成本/组织,聚水潭/ERP,是,源表,ods,管理员,0.0,2024-08-12 16:23:47,"ods_api_jstbz_suite_product_info_f【EtlDevelop任务】(Qoa4SEgNmZ, etl开发任务)",ods_api_jstbz_suite_product_info_f【EtlDevelop任务】(Qoa4SEgNmZ),Ghu44PRchu -> PmOkCMF2rf -> ayK47N3cOU -> k5gRwv2JLE -> 5Mg7F1AfFT -> FpM1x7YM9G -> nhgdWWKApC -> 994SOzLTQV -> 5aMpRAhBmy -> M8qi0iwCWh -> pmMzApalZx -> N4uyZn2Brb
ODS_退货退款归档信息表(聚水潭奇门API),ods_api_jstqm_archive_refund_info_du,cubeappdata,公共维表/成本/组织,聚水潭/ERP,是,源表,ods,管理员,2406494.0,2026-01-17 12:05:42,"ODS_退货退款归档信息表(聚水潭奇门API)【连接器】TS(SkOGv7pyrT, 连接器接入)；ODS_退货退款归档信息表(聚水潭奇门API)【连接器】【可以手动执行】time(ELOKxBUiKr, 连接器接入)",,Ghu44PRchu -> PmOkCMF2rf -> ayK47N3cOU -> k5gRwv2JLE -> 5Mg7F1AfFT -> FpM1x7YM9G -> RggJA8Sv0l -> GKM7p7i4nh -> yZq4ZcYKSY -> lI6tx3AsC7 -> I3wRsmNT14 -> MUuQqC8Ik3
ODS_销售订单归档信息表(聚水潭奇门API),ods_api_jstqm_archive_sale_order_info_du,cubeappdata,公共维表/成本/组织,聚水潭/ERP,是,源表,ods,管理员,16040926.0,2026-01-05 09:13:22,"ODS_销售订单归档信息表(聚水潭奇门API)【连接器】(UCsjG7YkuZ, 连接器接入)；ODS_销售订单归档信息表(聚水潭奇门API)【连接器】【可手动执行】(tuQPNjntK5, 连接器接入)",,Ghu44PRchu -> PmOkCMF2rf -> ayK47N3cOU -> k5gRwv2JLE -> 5Mg7F1AfFT -> FpM1x7YM9G -> RggJA8Sv0l -> GKM7p7i4nh -> yZq4ZcYKSY -> lI6tx3AsC7 -> I3wRsmNT14 -> MUuQqC8Ik3
ODS_销售订单归档信息表(聚水潭奇门API),ods_api_jstqm_archive_sale_order_info_f,dev,公共维表/成本/组织,聚水潭/ERP,是,源表,ods,管理员,0.0,2024-08-13 15:49:21,"ods_api_jstqm_archive_sale_order_info_f【EtlDevelop任务】(RCAvJGRCIk, etl开发任务)",,Ghu44PRchu -> PmOkCMF2rf -> ayK47N3cOU -> k5gRwv2JLE -> 5Mg7F1AfFT -> FpM1x7YM9G -> RggJA8Sv0l -> GKM7p7i4nh -> yZq4ZcYKSY -> lI6tx3AsC7 -> I3wRsmNT14 -> MUuQqC8Ik3
ODS_退货退款信息表(聚水潭奇门API),ods_api_jstqm_refund_info_du,cubeappdata,公共维表/成本/组织,聚水潭/ERP,是,源表,ods,管理员,4631538.0,2026-07-18 02:30:42,"ODS_退货退款信息表(聚水潭奇门API)【连接器】[不能手动补数据](3YsVlPuyGI, 连接器接入)；ODS_退货退款信息表(聚水潭奇门API)【连接器】(JOg5nfEKhw, 连接器接入)",,Ghu44PRchu -> PmOkCMF2rf -> ayK47N3cOU -> k5gRwv2JLE -> 5Mg7F1AfFT -> FpM1x7YM9G -> RggJA8Sv0l -> GKM7p7i4nh -> yZq4ZcYKSY -> lI6tx3AsC7 -> I3wRsmNT14 -> MUuQqC8Ik3
ODS_退货退款信息表(聚水潭奇门API),ods_api_jstqm_refund_info_f,dev,公共维表/成本/组织,聚水潭/ERP,是,源表,ods,管理员,0.0,2025-01-10 14:33:02,"ods_api_jstqm_refund_info_f【EtlDevelop任务】(mT4yyoaTaE, etl开发任务)",ods_api_jstqm_refund_info_f【EtlDevelop任务】(mT4yyoaTaE),Ghu44PRchu -> PmOkCMF2rf -> ayK47N3cOU -> k5gRwv2JLE -> 5Mg7F1AfFT -> FpM1x7YM9G -> RggJA8Sv0l -> GKM7p7i4nh -> yZq4ZcYKSY -> lI6tx3AsC7 -> I3wRsmNT14 -> MUuQqC8Ik3
ODS_退货退款信息表_实时(聚水潭奇门API),ods_api_jstqm_refund_info_f_ss,cubeappdata,公共维表/成本/组织,聚水潭/ERP,是,源表,ods,管理员,3468402.0,2026-07-18 02:32:49,"ods_api_jstqm_refund_info_f_ss【EtlDevelop任务】(BxO04KZGrR, etl开发任务)",ods_api_jstqm_refund_info_f_ss【EtlDevelop任务】(BxO04KZGrR),Ghu44PRchu -> PmOkCMF2rf -> ayK47N3cOU -> k5gRwv2JLE -> 5Mg7F1AfFT -> FpM1x7YM9G -> RggJA8Sv0l -> GKM7p7i4nh -> yZq4ZcYKSY -> lI6tx3AsC7 -> I3wRsmNT14 -> MUuQqC8Ik3
ODS_销售订单信息表(聚水潭奇门API),ods_api_jstqm_sale_order_info_du,dev,公共维表/成本/组织,聚水潭/ERP,是,源表,ods,管理员,0.0,2025-12-13 13:44:07,"ODS_销售订单信息表(聚水潭奇门API)【连接器】（更新时间取数-可以补数据）(MvuyryYfyY, 连接器接入)；ODS_销售订单信息表(聚水潭奇门API)【连接器】（TS取数-不可以手动补数）(1uqq0xic00, 连接器接入)",,Ghu44PRchu -> PmOkCMF2rf -> ayK47N3cOU -> k5gRwv2JLE -> 5Mg7F1AfFT -> FpM1x7YM9G -> RggJA8Sv0l -> GKM7p7i4nh -> yZq4ZcYKSY -> lI6tx3AsC7 -> I3wRsmNT14 -> MUuQqC8Ik3
ODS_销售订单信息表(聚水潭奇门API),ods_api_jstqm_sale_order_info_f,cubeappdata,公共维表/成本/组织,聚水潭/ERP,是,源表,ods,管理员,23651665.0,2026-07-18 03:25:19,"ods_api_jstqm_sale_order_info_f【EtlDevelop任务】(9hARYiuSyx, etl开发任务)",ods_api_jstqm_sale_order_info_f【EtlDevelop任务】(9hARYiuSyx),Ghu44PRchu -> PmOkCMF2rf -> ayK47N3cOU -> k5gRwv2JLE -> 5Mg7F1AfFT -> FpM1x7YM9G -> RggJA8Sv0l -> GKM7p7i4nh -> yZq4ZcYKSY -> lI6tx3AsC7 -> I3wRsmNT14 -> MUuQqC8Ik3
ODS_抖音_直播间人力成本支出_填报,ods_douyin_live_room_labor_cost_entry,cubeappdata,抖音主题,填报,是,源表,ods,包彦,276.0,2026-07-18 05:00:14,"支出明细（钉钉表格）【在线表格接入】(xJeIQ69bSX, 在线表格接入)",,Ghu44PRchu -> PmOkCMF2rf -> ayK47N3cOU -> k5gRwv2JLE -> 5Mg7F1AfFT -> FpM1x7YM9G -> RggJA8Sv0l -> GKM7p7i4nh -> yZq4ZcYKSY -> lI6tx3AsC7 -> I3wRsmNT14 -> MUuQqC8Ik3
ODS_抖音_直播间主链接映射_填报,ods_douyin_live_room_main_link_detail_entry,dev,抖音主题,填报,是,源表,ods,包彦,0.0,2026-06-08 22:09:48,"直播链接（钉钉表格）【在线表格接入】(pUeSXt1NWn, 在线表格接入)",,Ghu44PRchu -> PmOkCMF2rf -> ayK47N3cOU -> k5gRwv2JLE -> 5Mg7F1AfFT -> FpM1x7YM9G -> nhgdWWKApC -> qjk10d4W7h -> bI86bM7BvJ -> qBO2jNZBhK -> K1gH9SHZT5 -> pUeSXt1NWn
ODS_抖音_全域投放推商品_RPA,ods_douyinanshangpintuiguangshuju,dev,抖音主题,影刀/RPA,是,源表,ods,包彦,0.0,2026-05-29 15:47:03,"ods-抖音全域按商品推广数据【迁移】(00uSPqQxB9, 库表迁移)",,Ghu44PRchu -> PmOkCMF2rf -> ayK47N3cOU -> k5gRwv2JLE -> 5Mg7F1AfFT -> FpM1x7YM9G -> nhgdWWKApC -> W5WDKhMdo4 -> sD6L0X74Ag -> srspReyO40 -> 3HaOI1YTSj -> sX484NOPO3
ODS_抖音好评数据_填报,ods_dyhaopingshuju,cubeappdata,抖音主题,库表迁移,是,源表,ods,包彦,1789.0,2025-11-14 19:32:13,"ods_抖音好评数据【迁移】(Z3M1lFdITy, 库表迁移)",,Ghu44PRchu -> PmOkCMF2rf -> ayK47N3cOU -> k5gRwv2JLE -> 5Mg7F1AfFT -> FpM1x7YM9G -> RggJA8Sv0l -> GKM7p7i4nh -> yZq4ZcYKSY -> lI6tx3AsC7 -> I3wRsmNT14 -> MUuQqC8Ik3
ODS_抖音刷单数据_填报,ods_dyshuandanshuju,dev,抖音主题,库表迁移,是,源表,ods,包彦,0.0,2026-05-29 15:26:25,"ods_抖音刷单数据【迁移】(JoeKH6qxcq, 库表迁移)",,Ghu44PRchu -> PmOkCMF2rf -> ayK47N3cOU -> k5gRwv2JLE -> 5Mg7F1AfFT -> FpM1x7YM9G -> RggJA8Sv0l -> GKM7p7i4nh -> yZq4ZcYKSY -> lI6tx3AsC7 -> I3wRsmNT14 -> MUuQqC8Ik3
STD_商品历史成本表(聚水潭标准API),std_api_jstbz_product_history_cost_info_f,dev,公共维表/成本/组织,聚水潭/ERP,是,源表,std,管理员,0.0,2026-05-16 11:36:01,"std_api_jstbz_product_history_cost_info_f【EtlDevelop任务】(bT8csKdyGj, etl开发任务)",std_api_jstbz_product_history_cost_info_f【EtlDevelop任务】(bT8csKdyGj),Ghu44PRchu -> PmOkCMF2rf -> ayK47N3cOU -> k5gRwv2JLE -> 5Mg7F1AfFT -> FpM1x7YM9G -> RggJA8Sv0l -> GKM7p7i4nh -> yZq4ZcYKSY -> lI6tx3AsC7 -> I3wRsmNT14 -> MUuQqC8Ik3
STD_达人佣金预估,ud_3418004512502203_sdryjyg,cubeappdata,抖音主题,未知,是,源表,不规范命名,包彦,218295.0,2026-07-18 02:25:06,"1.3 STD_抖音账单流水数据清晰-STD_达人佣金预估【刷新】(kdqUt9TvHS, 分析存表刷新)",1.3 STD_抖音账单流水数据清晰-STD_达人佣金预估【刷新】(kdqUt9TvHS),Ghu44PRchu -> PmOkCMF2rf -> ayK47N3cOU -> k5gRwv2JLE -> 5Mg7F1AfFT -> FpM1x7YM9G -> RggJA8Sv0l -> GKM7p7i4nh -> yZq4ZcYKSY -> lI6tx3AsC7 -> I3wRsmNT14 -> MUuQqC8Ik3
STD_抖音_售后单明细（抖店API）,ud_3418004512502203_sdyshsjqx,cubeappdata,抖音主题,抖店/API,是,源表,不规范命名,包彦,241621.0,2026-07-18 02:14:06,"1.2 STD_抖音售后数据清洗-STD_抖音售后数据清洗【刷新】(HdaYLSZ0jU, 分析存表刷新)",1.2 STD_抖音售后数据清洗-STD_抖音售后数据清洗【刷新】(HdaYLSZ0jU),Ghu44PRchu -> PmOkCMF2rf -> ayK47N3cOU -> k5gRwv2JLE -> 5Mg7F1AfFT -> FpM1x7YM9G -> RggJA8Sv0l -> GKM7p7i4nh -> yZq4ZcYKSY -> lI6tx3AsC7 -> I3wRsmNT14 -> MUuQqC8Ik3
STD_抖音_推广消耗明细,ud_3418004512502203_sdytgsj,cubeappdata,抖音主题,未知,是,源表,不规范命名,包彦,87001.0,2026-07-18 10:06:41,"1.4抖音推广数据-std_抖音推广数据【刷新】(sD6L0X74Ag, 分析存表刷新)",1.4抖音推广数据-std_抖音推广数据【刷新】(sD6L0X74Ag),Ghu44PRchu -> PmOkCMF2rf -> ayK47N3cOU -> k5gRwv2JLE -> 5Mg7F1AfFT -> FpM1x7YM9G -> nhgdWWKApC -> W5WDKhMdo4 -> sD6L0X74Ag
STD_抖音_ERP销售订单明细表,ud_3418004512502203_sjstdyxsddxx,dev,抖音主题,聚水潭/ERP,是,源表,不规范命名,包彦,0.0,2026-05-29 15:56:16,"1.11STD聚水潭抖音—销售数据清洗-std_聚水潭抖音销售订单信息表【刷新】(251Uny8XjY, 分析存表刷新)",1.11STD聚水潭抖音—销售数据清洗-std_聚水潭抖音销售订单信息表【刷新】(251Uny8XjY),Ghu44PRchu -> PmOkCMF2rf -> ayK47N3cOU -> k5gRwv2JLE -> 5Mg7F1AfFT -> FpM1x7YM9G -> RggJA8Sv0l -> GKM7p7i4nh -> yZq4ZcYKSY -> lI6tx3AsC7 -> I3wRsmNT14 -> MUuQqC8Ik3
STD_抖音_订单销售明细,ud_3418004512502203_sxssjqx,cubeappdata,抖音主题,未知,是,源表,不规范命名,包彦,897544.0,2026-07-18 05:23:02,"1.1 STD_抖音销售清洗表-STD_销售数据清洗【刷新】(5aMpRAhBmy, 分析存表刷新)",1.1 STD_抖音销售清洗表-STD_销售数据清洗【刷新】(5aMpRAhBmy),Ghu44PRchu -> PmOkCMF2rf -> ayK47N3cOU -> k5gRwv2JLE -> 5Mg7F1AfFT -> FpM1x7YM9G -> nhgdWWKApC -> 994SOzLTQV -> 5aMpRAhBmy
STD_抖音_链接直播间人力成本明细,ud_4971200913022541_ddyzbjrlcb,cubeappdata,抖音主题,未知,是,源表,不规范命名,包彦,522.0,2026-07-18 05:15:33,"1.5 抖音直播间人力成本清洗-dwd_抖音直播间人力成本【刷新】(2hsVfz4qE0, 分析存表刷新)",1.5 抖音直播间人力成本清洗-dwd_抖音直播间人力成本【刷新】(2hsVfz4qE0),Ghu44PRchu -> PmOkCMF2rf -> ayK47N3cOU -> k5gRwv2JLE -> 5Mg7F1AfFT -> FpM1x7YM9G -> RggJA8Sv0l -> GKM7p7i4nh -> yZq4ZcYKSY -> lI6tx3AsC7 -> I3wRsmNT14 -> MUuQqC8Ik3
STD_抖音_推广消耗明细_巨量千川,ud_4971200913022541_sdytgxhmxjlq,bi_datalake,抖音主题,巨量千川/投放,是,源表,不规范命名,包彦,30239.0,2026-07-18 05:18:48,"1.6 千川推广数据清洗-STD_抖音_推广消耗明细_巨量千川【刷新】(bI86bM7BvJ, 分析存表刷新)",1.6 千川推广数据清洗-STD_抖音_推广消耗明细_巨量千川【刷新】(bI86bM7BvJ),Ghu44PRchu -> PmOkCMF2rf -> ayK47N3cOU -> k5gRwv2JLE -> 5Mg7F1AfFT -> FpM1x7YM9G -> nhgdWWKApC -> qjk10d4W7h -> bI86bM7BvJ
DIM_商品历史成本表(聚水潭标准API),ud_6816162936700995_jgb,bi_datalake,公共维表/成本/组织,聚水潭/ERP,是,源表,不规范命名,蒋秀坤,168165.0,2026-07-18 02:31:24,"商品历史成本价众数清洗-结果表【刷新】(YLclnZKfcH, 分析存表刷新)",商品历史成本价众数清洗-结果表【刷新】(YLclnZKfcH),Ghu44PRchu -> PmOkCMF2rf -> ayK47N3cOU -> k5gRwv2JLE -> 5Mg7F1AfFT -> FpM1x7YM9G -> RggJA8Sv0l -> GKM7p7i4nh -> yZq4ZcYKSY -> lI6tx3AsC7 -> I3wRsmNT14 -> MUuQqC8Ik3
1.1.2 STD_抖音销售清洗表-货品详情,ud_6816162936700995_n112sdyxsqxb,bi_datalake,抖音主题,未知,是,源表,不规范命名,蒋秀坤,897544.0,2026-07-18 05:21:24,"1.1.2 STD_抖音销售清洗表-货品详情-1.1.2 STD_抖音销售清洗表-货品详情【刷新】(XVR0tvuk7I, 分析存表刷新)",1.1.2 STD_抖音销售清洗表-货品详情-1.1.2 STD_抖音销售清洗表-货品详情【刷新】(XVR0tvuk7I),Ghu44PRchu -> PmOkCMF2rf -> ayK47N3cOU -> k5gRwv2JLE -> 5Mg7F1AfFT -> FpM1x7YM9G -> nhgdWWKApC -> 994SOzLTQV -> 5aMpRAhBmy -> M8qi0iwCWh -> 6M8cE9aaiA -> XVR0tvuk7I
1.1.3 STD_抖音销售清洗表运单号,ud_6816162936700995_n113sdyxsqxb,bi_datalake,抖音主题,未知,是,源表,不规范命名,蒋秀坤,681477.0,2026-07-18 04:58:21,"1.1.3 STD_抖音销售清洗表运单号-1.1.3 STD_抖音销售清洗表运单号【刷新】(jK2dakuj7Q, 分析存表刷新)",1.1.3 STD_抖音销售清洗表运单号-1.1.3 STD_抖音销售清洗表运单号【刷新】(jK2dakuj7Q),Ghu44PRchu -> PmOkCMF2rf -> ayK47N3cOU -> k5gRwv2JLE -> 5Mg7F1AfFT -> FpM1x7YM9G -> nhgdWWKApC -> 994SOzLTQV -> 5aMpRAhBmy -> M8qi0iwCWh -> 6M8cE9aaiA -> jK2dakuj7Q
